Id,Prenom,Nom,Mdp,RÃ´le
1001,Octavia,Blake,U9nh4W,User
1002,Bellamy,Blake,2Nn2Ja,Admin
1003,Abigail,Griffin,v8G2Zc,User
1004,Finn,Collins,N98rqT,User
1005,Jasper,Jordan,8Ltk4R,User
1006,Raven,Reyes,n45RQz,Admin
1007,Monty,Green,Y3yzP4,User
1008,Clarke,Griffin,f56SxP,Admin
1009,Marcus,Jane,bNw4T9,User
1010,John,Murphy,zT5fH2,User
1011,Wells,Jaha,z4b5RJ,User
1012,Maddy,Griffin,9jqW9F,Admin
1013,Harper,McIntyre,SDd89T,User
1014,Maya,Vie,gH78K9,User
1015,Thelonious,Jaha,hgv89P,Admin
<<<<<<< HEAD
1016,Kyle,Wick,erg56T,User
=======
>>>>>>> 928a76dfadf45a52a6221001e9eaad9780f7b8e3
